{
  "dataset_name": "ml_100k",
  "phase": "phase3-train",
  "warmup_samples": 40,
  "train_stream_samples": 160,
  "epochs": 5,
  "learning_rate": 0.05,
  "average_loss": 6.171547417041354,
  "metrics": {
    "HIT@1": 0.31375,
    "NDCG@1": 0.31375,
    "HIT@5": 0.61625,
    "NDCG@5": 0.4732466609340447,
    "HIT@10": 0.76125,
    "NDCG@10": 0.5190825641311816,
    "HIT@20": 1.0,
    "NDCG@20": 0.5795295570926045,
    "avg_rank": 5.93875
  },
  "edit_counts": {
    "stored_episodes": 800,
    "reinforced_edges": 1972,
    "suppressed_edges": 1500,
    "tentative_edges": 302,
    "rejected_edits": 40,
    "promoted_edges": 51
  },
  "weights": {
    "shared_categories": 0.21249025117604986,
    "shared_keywords": 0.14727407549968174,
    "co_occur_score": 1.7228556213818689,
    "candidate_category_count": -0.20067527736025023,
    "candidate_keyword_count": -3.3010129366515756e-16,
    "has_description": 0.004083520819339792,
    "candidate_in_degree": -0.0879155260244479
  },
  "bias": 1.1647366736375566e-16
}