{
  "feature_names": [
    "shared_categories",
    "shared_keywords",
    "co_occur_score",
    "candidate_category_count",
    "candidate_keyword_count",
    "has_description",
    "candidate_in_degree"
  ],
  "weights": {
    "shared_categories": 0.21249025117604986,
    "shared_keywords": 0.14727407549968174,
    "co_occur_score": 1.7228556213818689,
    "candidate_category_count": -0.20067527736025023,
    "candidate_keyword_count": -3.3010129366515756e-16,
    "has_description": 0.004083520819339792,
    "candidate_in_degree": -0.0879155260244479
  },
  "bias": 1.1647366736375566e-16
}